<?xml version="1.0" encoding="UTF-8"?>
<MC UID="_SKOSCRIPTS_MC">
    <item UID="_SKOSCRIPTS_MC_ITEM">
      <presentation UID="_SKOSCRIPTS_MC_ITEM_PRESENTATION">
        <material UID="_SKOSCRIPTS_MC_ITEM_PRESENTATION_MATERIAL">
          <TITLE UID="_SKOSCRIPTS_MC_ITEM_PRESENTATION_MATERIAL_TITLE"><![CDATA[]]></TITLE>
          <NOTES UID="_SKOSCRIPTS_MC_ITEM_PRESENTATION_MATERIAL_NOTES"><![CDATA[]]></NOTES>
          <mattextS UID="_SKOSCRIPTS_MC_ITEM_PRESENTATION_MATERIAL_MATTEXTS"><![CDATA[Is the sweet taste of corns relates to the changes of their genes? Why? Choose the most accurate answer.]]></mattextS>
          <mattextR UID="_SKOSCRIPTS_MC_ITEM_PRESENTATION_MATERIAL_MATTEXTR"><![CDATA[]]></mattextR>
          <mattextD UID="_SKOSCRIPTS_MC_ITEM_PRESENTATION_MATERIAL_MATTEXTD"><![CDATA[Is the sweet taste of corns relates to the changes of their genes? Why? Choose the most accurate answer.]]></mattextD>
          <PageConfig UID="_SKOSCRIPTS_MC_ITEM_PRESENTATION_MATERIAL_PAGECONFIG">
            <BKIMG UID="_SKOSCRIPTS_MC_ITEM_PRESENTATION_MATERIAL_PAGECONFIG_BKIMG"><![CDATA[]]></BKIMG>
            <AVATAR Teacher="" Student1="" Student2="" useStudent1="false" useStudent2="false" showStudent1="true" showStudent2="true" showTeacher="true" useTeacher="true" UID="_SKOSCRIPTS_MC_ITEM_PRESENTATION_MATERIAL_PAGECONFIG_AVATAR"/>
            <MediaURLXML UID="_SKOSCRIPTS_MC_ITEM_PRESENTATION_MATERIAL_PAGECONFIG_MEDIAURLXML"/>
            <MediaTypeXML UID="_SKOSCRIPTS_MC_ITEM_PRESENTATION_MATERIAL_PAGECONFIG_MEDIATYPEXML"/>
            <SKOMsg UID="_SKOSCRIPTS_MC_ITEM_PRESENTATION_MATERIAL_PAGECONFIG_SKOMSG"/>
            <UseAIML UID="_SKOSCRIPTS_MC_ITEM_PRESENTATION_MATERIAL_PAGECONFIG_USEAIML">1</UseAIML>
            <PlayStyle UID="_SKOSCRIPTS_MC_ITEM_PRESENTATION_MATERIAL_PAGECONFIG_PLAYSTYLE">auto</PlayStyle>
            <EnableBigImage UID="_SKOSCRIPTS_MC_ITEM_PRESENTATION_MATERIAL_PAGECONFIG_ENABLEBIGIMAGE">0</EnableBigImage>
          </PageConfig>
        </material>
        <response_lid UID="_SKOSCRIPTS_MC_ITEM_PRESENTATION_RESPONSE_LID">
          <render_choice shuffle="Yes" UID="_SKOSCRIPTS_MC_ITEM_PRESENTATION_RESPONSE_LID_RENDER_CHOICE">
            <response_label ident="A" Activate="true" UID="_SKOSCRIPTS_MC_ITEM_PRESENTATION_RESPONSE_LID_RENDER_CHOICE_RESPONSE_LABEL1">
              <material Included="1" UID="_SKOSCRIPTS_MC_ITEM_PRESENTATION_RESPONSE_LID_RENDER_CHOICE_RESPONSE_LABEL1_MATERIAL1">
                <mattext UID="_SKOSCRIPTS_MC_ITEM_PRESENTATION_RESPONSE_LID_RENDER_CHOICE_RESPONSE_LABEL1_MATERIAL1_MATTEXT"><![CDATA[No, because there is starch in their endosperm, it causes the sweet taste.]]></mattext>
                <Hints UID="_SKOSCRIPTS_MC_ITEM_PRESENTATION_RESPONSE_LID_RENDER_CHOICE_RESPONSE_LABEL1_MATERIAL1_HINTS">
                  <H UID="_SKOSCRIPTS_MC_ITEM_PRESENTATION_RESPONSE_LID_RENDER_CHOICE_RESPONSE_LABEL1_MATERIAL1_HINTS_H"><![CDATA[Think about: Does starch taste sweet? ]]></H>
                </Hints>
                <Feedbacks UID="_SKOSCRIPTS_MC_ITEM_PRESENTATION_RESPONSE_LID_RENDER_CHOICE_RESPONSE_LABEL1_MATERIAL1_FEEDBACKS">
                  <F UID="_SKOSCRIPTS_MC_ITEM_PRESENTATION_RESPONSE_LID_RENDER_CHOICE_RESPONSE_LABEL1_MATERIAL1_FEEDBACKS_F"><![CDATA[Starch doesn't make corns taste sweet. <sad/>]]></F>
                </Feedbacks>
              </material>
              <material Included="1" UID="_SKOSCRIPTS_MC_ITEM_PRESENTATION_RESPONSE_LID_RENDER_CHOICE_RESPONSE_LABEL1_MATERIAL2">
                <mattext UID="_SKOSCRIPTS_MC_ITEM_PRESENTATION_RESPONSE_LID_RENDER_CHOICE_RESPONSE_LABEL1_MATERIAL2_MATTEXT"><![CDATA[No, corns are naturally sweet because they contain starch. ]]></mattext>
                <Hints UID="_SKOSCRIPTS_MC_ITEM_PRESENTATION_RESPONSE_LID_RENDER_CHOICE_RESPONSE_LABEL1_MATERIAL2_HINTS">
                  <H UID="_SKOSCRIPTS_MC_ITEM_PRESENTATION_RESPONSE_LID_RENDER_CHOICE_RESPONSE_LABEL1_MATERIAL2_HINTS_H"><![CDATA[Think about that: Does starch taste sweet? ]]></H>
                </Hints>
                <Feedbacks UID="_SKOSCRIPTS_MC_ITEM_PRESENTATION_RESPONSE_LID_RENDER_CHOICE_RESPONSE_LABEL1_MATERIAL2_FEEDBACKS">
                  <F UID="_SKOSCRIPTS_MC_ITEM_PRESENTATION_RESPONSE_LID_RENDER_CHOICE_RESPONSE_LABEL1_MATERIAL2_FEEDBACKS_F"><![CDATA[Starch does not make corns taste sweet. <sad/>]]></F>
                </Feedbacks>
              </material>
              <material Included="0" UID="_SKOSCRIPTS_MC_ITEM_PRESENTATION_RESPONSE_LID_RENDER_CHOICE_RESPONSE_LABEL1_MATERIAL3">
                <mattext UID="_SKOSCRIPTS_MC_ITEM_PRESENTATION_RESPONSE_LID_RENDER_CHOICE_RESPONSE_LABEL1_MATERIAL3_MATTEXT"><![CDATA[]]></mattext>
                <Hints UID="_SKOSCRIPTS_MC_ITEM_PRESENTATION_RESPONSE_LID_RENDER_CHOICE_RESPONSE_LABEL1_MATERIAL3_HINTS"/>
                <Feedbacks UID="_SKOSCRIPTS_MC_ITEM_PRESENTATION_RESPONSE_LID_RENDER_CHOICE_RESPONSE_LABEL1_MATERIAL3_FEEDBACKS"/>
              </material>
              <material Included="0" UID="_SKOSCRIPTS_MC_ITEM_PRESENTATION_RESPONSE_LID_RENDER_CHOICE_RESPONSE_LABEL1_MATERIAL4">
                <mattext UID="_SKOSCRIPTS_MC_ITEM_PRESENTATION_RESPONSE_LID_RENDER_CHOICE_RESPONSE_LABEL1_MATERIAL4_MATTEXT"><![CDATA[]]></mattext>
                <Hints UID="_SKOSCRIPTS_MC_ITEM_PRESENTATION_RESPONSE_LID_RENDER_CHOICE_RESPONSE_LABEL1_MATERIAL4_HINTS"/>
                <Feedbacks UID="_SKOSCRIPTS_MC_ITEM_PRESENTATION_RESPONSE_LID_RENDER_CHOICE_RESPONSE_LABEL1_MATERIAL4_FEEDBACKS"/>
              </material>
              <material Included="0" UID="_SKOSCRIPTS_MC_ITEM_PRESENTATION_RESPONSE_LID_RENDER_CHOICE_RESPONSE_LABEL1_MATERIAL5">
                <mattext UID="_SKOSCRIPTS_MC_ITEM_PRESENTATION_RESPONSE_LID_RENDER_CHOICE_RESPONSE_LABEL1_MATERIAL5_MATTEXT"><![CDATA[]]></mattext>
                <Hints UID="_SKOSCRIPTS_MC_ITEM_PRESENTATION_RESPONSE_LID_RENDER_CHOICE_RESPONSE_LABEL1_MATERIAL5_HINTS"/>
                <Feedbacks UID="_SKOSCRIPTS_MC_ITEM_PRESENTATION_RESPONSE_LID_RENDER_CHOICE_RESPONSE_LABEL1_MATERIAL5_FEEDBACKS"/>
              </material>
            </response_label>
            <response_label ident="B" Activate="true" UID="_SKOSCRIPTS_MC_ITEM_PRESENTATION_RESPONSE_LID_RENDER_CHOICE_RESPONSE_LABEL2">
              <material Included="1" UID="_SKOSCRIPTS_MC_ITEM_PRESENTATION_RESPONSE_LID_RENDER_CHOICE_RESPONSE_LABEL2_MATERIAL1">
                <mattext UID="_SKOSCRIPTS_MC_ITEM_PRESENTATION_RESPONSE_LID_RENDER_CHOICE_RESPONSE_LABEL2_MATERIAL1_MATTEXT"><![CDATA[No, the water-solubility polysaccharide produced during photosynthesis makes them sweet. ]]></mattext>
                <Hints UID="_SKOSCRIPTS_MC_ITEM_PRESENTATION_RESPONSE_LID_RENDER_CHOICE_RESPONSE_LABEL2_MATERIAL1_HINTS">
                  <H UID="_SKOSCRIPTS_MC_ITEM_PRESENTATION_RESPONSE_LID_RENDER_CHOICE_RESPONSE_LABEL2_MATERIAL1_HINTS_H"><![CDATA[Think about the process of photosynthesis, what will be produced? ]]></H>
                </Hints>
                <Feedbacks UID="_SKOSCRIPTS_MC_ITEM_PRESENTATION_RESPONSE_LID_RENDER_CHOICE_RESPONSE_LABEL2_MATERIAL1_FEEDBACKS">
                  <F UID="_SKOSCRIPTS_MC_ITEM_PRESENTATION_RESPONSE_LID_RENDER_CHOICE_RESPONSE_LABEL2_MATERIAL1_FEEDBACKS_F"><![CDATA[Water-solubility polysaccharide tastes sweet, but it is not produced during photosynthesis. <bored/>]]></F>
                </Feedbacks>
              </material>
              <material Included="1" UID="_SKOSCRIPTS_MC_ITEM_PRESENTATION_RESPONSE_LID_RENDER_CHOICE_RESPONSE_LABEL2_MATERIAL2">
                <mattext UID="_SKOSCRIPTS_MC_ITEM_PRESENTATION_RESPONSE_LID_RENDER_CHOICE_RESPONSE_LABEL2_MATERIAL2_MATTEXT"><![CDATA[No, because they get water-solubility polysaccharide after photosynthesis, it makes corns sweet. ]]></mattext>
                <Hints UID="_SKOSCRIPTS_MC_ITEM_PRESENTATION_RESPONSE_LID_RENDER_CHOICE_RESPONSE_LABEL2_MATERIAL2_HINTS">
                  <H UID="_SKOSCRIPTS_MC_ITEM_PRESENTATION_RESPONSE_LID_RENDER_CHOICE_RESPONSE_LABEL2_MATERIAL2_HINTS_H"><![CDATA[Think about the process of photosynthesis, what will be produced? ]]></H>
                </Hints>
                <Feedbacks UID="_SKOSCRIPTS_MC_ITEM_PRESENTATION_RESPONSE_LID_RENDER_CHOICE_RESPONSE_LABEL2_MATERIAL2_FEEDBACKS">
                  <F UID="_SKOSCRIPTS_MC_ITEM_PRESENTATION_RESPONSE_LID_RENDER_CHOICE_RESPONSE_LABEL2_MATERIAL2_FEEDBACKS_F"><![CDATA[Water-solubility polysaccharide tastes sweet, but it is not produced during photosynthesis. <bored/>]]></F>
                </Feedbacks>
              </material>
              <material Included="0" UID="_SKOSCRIPTS_MC_ITEM_PRESENTATION_RESPONSE_LID_RENDER_CHOICE_RESPONSE_LABEL2_MATERIAL3">
                <mattext UID="_SKOSCRIPTS_MC_ITEM_PRESENTATION_RESPONSE_LID_RENDER_CHOICE_RESPONSE_LABEL2_MATERIAL3_MATTEXT"><![CDATA[]]></mattext>
                <Hints UID="_SKOSCRIPTS_MC_ITEM_PRESENTATION_RESPONSE_LID_RENDER_CHOICE_RESPONSE_LABEL2_MATERIAL3_HINTS"/>
                <Feedbacks UID="_SKOSCRIPTS_MC_ITEM_PRESENTATION_RESPONSE_LID_RENDER_CHOICE_RESPONSE_LABEL2_MATERIAL3_FEEDBACKS"/>
              </material>
              <material Included="0" UID="_SKOSCRIPTS_MC_ITEM_PRESENTATION_RESPONSE_LID_RENDER_CHOICE_RESPONSE_LABEL2_MATERIAL4">
                <mattext UID="_SKOSCRIPTS_MC_ITEM_PRESENTATION_RESPONSE_LID_RENDER_CHOICE_RESPONSE_LABEL2_MATERIAL4_MATTEXT"><![CDATA[]]></mattext>
                <Hints UID="_SKOSCRIPTS_MC_ITEM_PRESENTATION_RESPONSE_LID_RENDER_CHOICE_RESPONSE_LABEL2_MATERIAL4_HINTS"/>
                <Feedbacks UID="_SKOSCRIPTS_MC_ITEM_PRESENTATION_RESPONSE_LID_RENDER_CHOICE_RESPONSE_LABEL2_MATERIAL4_FEEDBACKS"/>
              </material>
              <material Included="0" UID="_SKOSCRIPTS_MC_ITEM_PRESENTATION_RESPONSE_LID_RENDER_CHOICE_RESPONSE_LABEL2_MATERIAL5">
                <mattext UID="_SKOSCRIPTS_MC_ITEM_PRESENTATION_RESPONSE_LID_RENDER_CHOICE_RESPONSE_LABEL2_MATERIAL5_MATTEXT"><![CDATA[]]></mattext>
                <Hints UID="_SKOSCRIPTS_MC_ITEM_PRESENTATION_RESPONSE_LID_RENDER_CHOICE_RESPONSE_LABEL2_MATERIAL5_HINTS"/>
                <Feedbacks UID="_SKOSCRIPTS_MC_ITEM_PRESENTATION_RESPONSE_LID_RENDER_CHOICE_RESPONSE_LABEL2_MATERIAL5_FEEDBACKS"/>
              </material>
            </response_label>
            <response_label ident="C" Activate="true" UID="_SKOSCRIPTS_MC_ITEM_PRESENTATION_RESPONSE_LID_RENDER_CHOICE_RESPONSE_LABEL3">
              <material Included="1" UID="_SKOSCRIPTS_MC_ITEM_PRESENTATION_RESPONSE_LID_RENDER_CHOICE_RESPONSE_LABEL3_MATERIAL1">
                <mattext UID="_SKOSCRIPTS_MC_ITEM_PRESENTATION_RESPONSE_LID_RENDER_CHOICE_RESPONSE_LABEL3_MATERIAL1_MATTEXT"><![CDATA[Yes, people use transgenic technology to make it sweet. ]]></mattext>
                <Hints UID="_SKOSCRIPTS_MC_ITEM_PRESENTATION_RESPONSE_LID_RENDER_CHOICE_RESPONSE_LABEL3_MATERIAL1_HINTS">
                  <H UID="_SKOSCRIPTS_MC_ITEM_PRESENTATION_RESPONSE_LID_RENDER_CHOICE_RESPONSE_LABEL3_MATERIAL1_HINTS_H"><![CDATA[Sweet corns have already been found before people use transgenic technology. ]]></H>
                </Hints>
                <Feedbacks UID="_SKOSCRIPTS_MC_ITEM_PRESENTATION_RESPONSE_LID_RENDER_CHOICE_RESPONSE_LABEL3_MATERIAL1_FEEDBACKS">
                  <F UID="_SKOSCRIPTS_MC_ITEM_PRESENTATION_RESPONSE_LID_RENDER_CHOICE_RESPONSE_LABEL3_MATERIAL1_FEEDBACKS_F"><![CDATA[Sweet corns are found before transgenic technology. <headshake/>]]></F>
                </Feedbacks>
              </material>
              <material Included="1" UID="_SKOSCRIPTS_MC_ITEM_PRESENTATION_RESPONSE_LID_RENDER_CHOICE_RESPONSE_LABEL3_MATERIAL2">
                <mattext UID="_SKOSCRIPTS_MC_ITEM_PRESENTATION_RESPONSE_LID_RENDER_CHOICE_RESPONSE_LABEL3_MATERIAL2_MATTEXT"><![CDATA[Yes, sweet corn is the new food corp used transgenic technology. ]]></mattext>
                <Hints UID="_SKOSCRIPTS_MC_ITEM_PRESENTATION_RESPONSE_LID_RENDER_CHOICE_RESPONSE_LABEL3_MATERIAL2_HINTS">
                  <H UID="_SKOSCRIPTS_MC_ITEM_PRESENTATION_RESPONSE_LID_RENDER_CHOICE_RESPONSE_LABEL3_MATERIAL2_HINTS_H"><![CDATA[Sweet corns have already been found before people use transgenic technology. ]]></H>
                </Hints>
                <Feedbacks UID="_SKOSCRIPTS_MC_ITEM_PRESENTATION_RESPONSE_LID_RENDER_CHOICE_RESPONSE_LABEL3_MATERIAL2_FEEDBACKS">
                  <F UID="_SKOSCRIPTS_MC_ITEM_PRESENTATION_RESPONSE_LID_RENDER_CHOICE_RESPONSE_LABEL3_MATERIAL2_FEEDBACKS_F"><![CDATA[Sweet corns are found before transgenic technology. <headdown/>]]></F>
                </Feedbacks>
              </material>
              <material Included="0" UID="_SKOSCRIPTS_MC_ITEM_PRESENTATION_RESPONSE_LID_RENDER_CHOICE_RESPONSE_LABEL3_MATERIAL3">
                <mattext UID="_SKOSCRIPTS_MC_ITEM_PRESENTATION_RESPONSE_LID_RENDER_CHOICE_RESPONSE_LABEL3_MATERIAL3_MATTEXT"><![CDATA[]]></mattext>
                <Hints UID="_SKOSCRIPTS_MC_ITEM_PRESENTATION_RESPONSE_LID_RENDER_CHOICE_RESPONSE_LABEL3_MATERIAL3_HINTS"/>
                <Feedbacks UID="_SKOSCRIPTS_MC_ITEM_PRESENTATION_RESPONSE_LID_RENDER_CHOICE_RESPONSE_LABEL3_MATERIAL3_FEEDBACKS"/>
              </material>
              <material Included="0" UID="_SKOSCRIPTS_MC_ITEM_PRESENTATION_RESPONSE_LID_RENDER_CHOICE_RESPONSE_LABEL3_MATERIAL4">
                <mattext UID="_SKOSCRIPTS_MC_ITEM_PRESENTATION_RESPONSE_LID_RENDER_CHOICE_RESPONSE_LABEL3_MATERIAL4_MATTEXT"><![CDATA[]]></mattext>
                <Hints UID="_SKOSCRIPTS_MC_ITEM_PRESENTATION_RESPONSE_LID_RENDER_CHOICE_RESPONSE_LABEL3_MATERIAL4_HINTS"/>
                <Feedbacks UID="_SKOSCRIPTS_MC_ITEM_PRESENTATION_RESPONSE_LID_RENDER_CHOICE_RESPONSE_LABEL3_MATERIAL4_FEEDBACKS"/>
              </material>
              <material Included="0" UID="_SKOSCRIPTS_MC_ITEM_PRESENTATION_RESPONSE_LID_RENDER_CHOICE_RESPONSE_LABEL3_MATERIAL5">
                <mattext UID="_SKOSCRIPTS_MC_ITEM_PRESENTATION_RESPONSE_LID_RENDER_CHOICE_RESPONSE_LABEL3_MATERIAL5_MATTEXT"><![CDATA[]]></mattext>
                <Hints UID="_SKOSCRIPTS_MC_ITEM_PRESENTATION_RESPONSE_LID_RENDER_CHOICE_RESPONSE_LABEL3_MATERIAL5_HINTS"/>
                <Feedbacks UID="_SKOSCRIPTS_MC_ITEM_PRESENTATION_RESPONSE_LID_RENDER_CHOICE_RESPONSE_LABEL3_MATERIAL5_FEEDBACKS"/>
              </material>
            </response_label>
            <response_label ident="D" Activate="true" UID="_SKOSCRIPTS_MC_ITEM_PRESENTATION_RESPONSE_LID_RENDER_CHOICE_RESPONSE_LABEL4">
              <material Included="1" UID="_SKOSCRIPTS_MC_ITEM_PRESENTATION_RESPONSE_LID_RENDER_CHOICE_RESPONSE_LABEL4_MATERIAL1">
                <mattext UID="_SKOSCRIPTS_MC_ITEM_PRESENTATION_RESPONSE_LID_RENDER_CHOICE_RESPONSE_LABEL4_MATERIAL1_MATTEXT"><![CDATA[Yes, the water-solubility polysaccharide produced by the natural mutation of genes makes them sweet. ]]></mattext>
                <Hints UID="_SKOSCRIPTS_MC_ITEM_PRESENTATION_RESPONSE_LID_RENDER_CHOICE_RESPONSE_LABEL4_MATERIAL1_HINTS">
                  <H UID="_SKOSCRIPTS_MC_ITEM_PRESENTATION_RESPONSE_LID_RENDER_CHOICE_RESPONSE_LABEL4_MATERIAL1_HINTS_H"><![CDATA[water-solubility polysaccharide tastes sweet. ]]></H>
                </Hints>
                <Feedbacks UID="_SKOSCRIPTS_MC_ITEM_PRESENTATION_RESPONSE_LID_RENDER_CHOICE_RESPONSE_LABEL4_MATERIAL1_FEEDBACKS">
                  <F UID="_SKOSCRIPTS_MC_ITEM_PRESENTATION_RESPONSE_LID_RENDER_CHOICE_RESPONSE_LABEL4_MATERIAL1_FEEDBACKS_F"><![CDATA[<bigsmile/>That is CORRECT! Great Job. <surprise/>]]></F>
                </Feedbacks>
              </material>
              <material Included="1" UID="_SKOSCRIPTS_MC_ITEM_PRESENTATION_RESPONSE_LID_RENDER_CHOICE_RESPONSE_LABEL4_MATERIAL2">
                <mattext UID="_SKOSCRIPTS_MC_ITEM_PRESENTATION_RESPONSE_LID_RENDER_CHOICE_RESPONSE_LABEL4_MATERIAL2_MATTEXT"><![CDATA[Yes, because the natural gene mutation blocks parts of the reducible carbohydrate transforming into starch. ]]></mattext>
                <Hints UID="_SKOSCRIPTS_MC_ITEM_PRESENTATION_RESPONSE_LID_RENDER_CHOICE_RESPONSE_LABEL4_MATERIAL2_HINTS">
                  <H UID="_SKOSCRIPTS_MC_ITEM_PRESENTATION_RESPONSE_LID_RENDER_CHOICE_RESPONSE_LABEL4_MATERIAL2_HINTS_H"><![CDATA[reducible carbohydrate tastes sweet; stach does not make corn sweet. ]]></H>
                </Hints>
                <Feedbacks UID="_SKOSCRIPTS_MC_ITEM_PRESENTATION_RESPONSE_LID_RENDER_CHOICE_RESPONSE_LABEL4_MATERIAL2_FEEDBACKS">
                  <F UID="_SKOSCRIPTS_MC_ITEM_PRESENTATION_RESPONSE_LID_RENDER_CHOICE_RESPONSE_LABEL4_MATERIAL2_FEEDBACKS_F"><![CDATA[<mouthsmile/>That's correct! Great Job! <surprise/>]]></F>
                </Feedbacks>
              </material>
              <material Included="0" UID="_SKOSCRIPTS_MC_ITEM_PRESENTATION_RESPONSE_LID_RENDER_CHOICE_RESPONSE_LABEL4_MATERIAL3">
                <mattext UID="_SKOSCRIPTS_MC_ITEM_PRESENTATION_RESPONSE_LID_RENDER_CHOICE_RESPONSE_LABEL4_MATERIAL3_MATTEXT"><![CDATA[]]></mattext>
                <Hints UID="_SKOSCRIPTS_MC_ITEM_PRESENTATION_RESPONSE_LID_RENDER_CHOICE_RESPONSE_LABEL4_MATERIAL3_HINTS"/>
                <Feedbacks UID="_SKOSCRIPTS_MC_ITEM_PRESENTATION_RESPONSE_LID_RENDER_CHOICE_RESPONSE_LABEL4_MATERIAL3_FEEDBACKS"/>
              </material>
              <material Included="0" UID="_SKOSCRIPTS_MC_ITEM_PRESENTATION_RESPONSE_LID_RENDER_CHOICE_RESPONSE_LABEL4_MATERIAL4">
                <mattext UID="_SKOSCRIPTS_MC_ITEM_PRESENTATION_RESPONSE_LID_RENDER_CHOICE_RESPONSE_LABEL4_MATERIAL4_MATTEXT"><![CDATA[]]></mattext>
                <Hints UID="_SKOSCRIPTS_MC_ITEM_PRESENTATION_RESPONSE_LID_RENDER_CHOICE_RESPONSE_LABEL4_MATERIAL4_HINTS"/>
                <Feedbacks UID="_SKOSCRIPTS_MC_ITEM_PRESENTATION_RESPONSE_LID_RENDER_CHOICE_RESPONSE_LABEL4_MATERIAL4_FEEDBACKS"/>
              </material>
              <material Included="0" UID="_SKOSCRIPTS_MC_ITEM_PRESENTATION_RESPONSE_LID_RENDER_CHOICE_RESPONSE_LABEL4_MATERIAL5">
                <mattext UID="_SKOSCRIPTS_MC_ITEM_PRESENTATION_RESPONSE_LID_RENDER_CHOICE_RESPONSE_LABEL4_MATERIAL5_MATTEXT"><![CDATA[]]></mattext>
                <Hints UID="_SKOSCRIPTS_MC_ITEM_PRESENTATION_RESPONSE_LID_RENDER_CHOICE_RESPONSE_LABEL4_MATERIAL5_HINTS"/>
                <Feedbacks UID="_SKOSCRIPTS_MC_ITEM_PRESENTATION_RESPONSE_LID_RENDER_CHOICE_RESPONSE_LABEL4_MATERIAL5_FEEDBACKS"/>
              </material>
            </response_label>
            <response_label ident="E" Activate="true" UID="_SKOSCRIPTS_MC_ITEM_PRESENTATION_RESPONSE_LID_RENDER_CHOICE_RESPONSE_LABEL5">
              <material Included="1" UID="_SKOSCRIPTS_MC_ITEM_PRESENTATION_RESPONSE_LID_RENDER_CHOICE_RESPONSE_LABEL5_MATERIAL1">
                <mattext UID="_SKOSCRIPTS_MC_ITEM_PRESENTATION_RESPONSE_LID_RENDER_CHOICE_RESPONSE_LABEL5_MATERIAL1_MATTEXT"><![CDATA[No, people use traditioanl breeding technology to make it sweet. ]]></mattext>
                <Hints UID="_SKOSCRIPTS_MC_ITEM_PRESENTATION_RESPONSE_LID_RENDER_CHOICE_RESPONSE_LABEL5_MATERIAL1_HINTS">
                  <H UID="_SKOSCRIPTS_MC_ITEM_PRESENTATION_RESPONSE_LID_RENDER_CHOICE_RESPONSE_LABEL5_MATERIAL1_HINTS_H"><![CDATA[Think about why there are sweet corns on 1779. ]]></H>
                </Hints>
                <Feedbacks UID="_SKOSCRIPTS_MC_ITEM_PRESENTATION_RESPONSE_LID_RENDER_CHOICE_RESPONSE_LABEL5_MATERIAL1_FEEDBACKS">
                  <F UID="_SKOSCRIPTS_MC_ITEM_PRESENTATION_RESPONSE_LID_RENDER_CHOICE_RESPONSE_LABEL5_MATERIAL1_FEEDBACKS_F"><![CDATA[<suggestive/>traditional breeding technology is used to produce more and better sweet corns, but it is not the cause or basic way of being sweet. <confused/>]]></F>
                </Feedbacks>
              </material>
              <material Included="0" UID="_SKOSCRIPTS_MC_ITEM_PRESENTATION_RESPONSE_LID_RENDER_CHOICE_RESPONSE_LABEL5_MATERIAL2">
                <mattext UID="_SKOSCRIPTS_MC_ITEM_PRESENTATION_RESPONSE_LID_RENDER_CHOICE_RESPONSE_LABEL5_MATERIAL2_MATTEXT"><![CDATA[]]></mattext>
                <Hints UID="_SKOSCRIPTS_MC_ITEM_PRESENTATION_RESPONSE_LID_RENDER_CHOICE_RESPONSE_LABEL5_MATERIAL2_HINTS"/>
                <Feedbacks UID="_SKOSCRIPTS_MC_ITEM_PRESENTATION_RESPONSE_LID_RENDER_CHOICE_RESPONSE_LABEL5_MATERIAL2_FEEDBACKS"/>
              </material>
              <material Included="0" UID="_SKOSCRIPTS_MC_ITEM_PRESENTATION_RESPONSE_LID_RENDER_CHOICE_RESPONSE_LABEL5_MATERIAL3">
                <mattext UID="_SKOSCRIPTS_MC_ITEM_PRESENTATION_RESPONSE_LID_RENDER_CHOICE_RESPONSE_LABEL5_MATERIAL3_MATTEXT"><![CDATA[]]></mattext>
                <Hints UID="_SKOSCRIPTS_MC_ITEM_PRESENTATION_RESPONSE_LID_RENDER_CHOICE_RESPONSE_LABEL5_MATERIAL3_HINTS"/>
                <Feedbacks UID="_SKOSCRIPTS_MC_ITEM_PRESENTATION_RESPONSE_LID_RENDER_CHOICE_RESPONSE_LABEL5_MATERIAL3_FEEDBACKS"/>
              </material>
              <material Included="0" UID="_SKOSCRIPTS_MC_ITEM_PRESENTATION_RESPONSE_LID_RENDER_CHOICE_RESPONSE_LABEL5_MATERIAL4">
                <mattext UID="_SKOSCRIPTS_MC_ITEM_PRESENTATION_RESPONSE_LID_RENDER_CHOICE_RESPONSE_LABEL5_MATERIAL4_MATTEXT"><![CDATA[]]></mattext>
                <Hints UID="_SKOSCRIPTS_MC_ITEM_PRESENTATION_RESPONSE_LID_RENDER_CHOICE_RESPONSE_LABEL5_MATERIAL4_HINTS"/>
                <Feedbacks UID="_SKOSCRIPTS_MC_ITEM_PRESENTATION_RESPONSE_LID_RENDER_CHOICE_RESPONSE_LABEL5_MATERIAL4_FEEDBACKS"/>
              </material>
              <material Included="0" UID="_SKOSCRIPTS_MC_ITEM_PRESENTATION_RESPONSE_LID_RENDER_CHOICE_RESPONSE_LABEL5_MATERIAL5">
                <mattext UID="_SKOSCRIPTS_MC_ITEM_PRESENTATION_RESPONSE_LID_RENDER_CHOICE_RESPONSE_LABEL5_MATERIAL5_MATTEXT"><![CDATA[]]></mattext>
                <Hints UID="_SKOSCRIPTS_MC_ITEM_PRESENTATION_RESPONSE_LID_RENDER_CHOICE_RESPONSE_LABEL5_MATERIAL5_HINTS"/>
                <Feedbacks UID="_SKOSCRIPTS_MC_ITEM_PRESENTATION_RESPONSE_LID_RENDER_CHOICE_RESPONSE_LABEL5_MATERIAL5_FEEDBACKS"/>
              </material>
            </response_label>
          </render_choice>
        </response_lid>
      </presentation>
      <resprocessing UID="_SKOSCRIPTS_MC_ITEM_RESPROCESSING">
        <outcomes UID="_SKOSCRIPTS_MC_ITEM_RESPROCESSING_OUTCOMES">
          <decvar defaultval="0" vartype="Integer" UID="_SKOSCRIPTS_MC_ITEM_RESPROCESSING_OUTCOMES_DECVAR"/>
        </outcomes>
        <respcondition title="Correct" UID="_SKOSCRIPTS_MC_ITEM_RESPROCESSING_RESPCONDITION1">
          <conditionvar UID="_SKOSCRIPTS_MC_ITEM_RESPROCESSING_RESPCONDITION1_CONDITIONVAR">
            <varequal respident="MCb_01" UID="_SKOSCRIPTS_MC_ITEM_RESPROCESSING_RESPCONDITION1_CONDITIONVAR_VAREQUAL">D</varequal>
          </conditionvar>
          <setvar action="Set" UID="_SKOSCRIPTS_MC_ITEM_RESPROCESSING_RESPCONDITION1_SETVAR">1</setvar>
          <displayfeedback linkrefid="Correct" feedbacktype="Response" UID="_SKOSCRIPTS_MC_ITEM_RESPROCESSING_RESPCONDITION1_DISPLAYFEEDBACK"/>
        </respcondition>
        <respcondition title="Incorrect" UID="_SKOSCRIPTS_MC_ITEM_RESPROCESSING_RESPCONDITION2">
          <conditionvar UID="_SKOSCRIPTS_MC_ITEM_RESPROCESSING_RESPCONDITION2_CONDITIONVAR">
            <not UID="_SKOSCRIPTS_MC_ITEM_RESPROCESSING_RESPCONDITION2_CONDITIONVAR_NOT">
              <varequal respident="MCb_01" UID="_SKOSCRIPTS_MC_ITEM_RESPROCESSING_RESPCONDITION2_CONDITIONVAR_NOT_VAREQUAL">D</varequal>
            </not>
          </conditionvar>
          <setvar action="Set" UID="_SKOSCRIPTS_MC_ITEM_RESPROCESSING_RESPCONDITION2_SETVAR">0</setvar>
          <displayfeedback linkrefid="Incorrect" feedbacktype="Response" UID="_SKOSCRIPTS_MC_ITEM_RESPROCESSING_RESPCONDITION2_DISPLAYFEEDBACK"/>
        </respcondition>
      </resprocessing>
      <itemfeedback ident="" UID="_SKOSCRIPTS_MC_ITEM_ITEMFEEDBACK">
        <material UID="_SKOSCRIPTS_MC_ITEM_ITEMFEEDBACK_MATERIAL">
          <mattext UID="_SKOSCRIPTS_MC_ITEM_ITEMFEEDBACK_MATERIAL_MATTEXT"/>
          <Feedbacks UID="_SKOSCRIPTS_MC_ITEM_ITEMFEEDBACK_MATERIAL_FEEDBACKS1">
            <PF UID="_SKOSCRIPTS_MC_ITEM_ITEMFEEDBACK_MATERIAL_FEEDBACKS1_PF1">Great job!</PF>
            <PF UID="_SKOSCRIPTS_MC_ITEM_ITEMFEEDBACK_MATERIAL_FEEDBACKS1_PF2">Correct!</PF>
            <PF UID="_SKOSCRIPTS_MC_ITEM_ITEMFEEDBACK_MATERIAL_FEEDBACKS1_PF3">Nice work!</PF>
            <PF UID="_SKOSCRIPTS_MC_ITEM_ITEMFEEDBACK_MATERIAL_FEEDBACKS1_PF4">Your are right!</PF>
          </Feedbacks>
          <Feedbacks UID="_SKOSCRIPTS_MC_ITEM_ITEMFEEDBACK_MATERIAL_FEEDBACKS2">
            <NF UID="_SKOSCRIPTS_MC_ITEM_ITEMFEEDBACK_MATERIAL_FEEDBACKS2_NF1">Please try again!</NF>
            <NF UID="_SKOSCRIPTS_MC_ITEM_ITEMFEEDBACK_MATERIAL_FEEDBACKS2_NF2">Wrong answer!</NF>
            <NF UID="_SKOSCRIPTS_MC_ITEM_ITEMFEEDBACK_MATERIAL_FEEDBACKS2_NF3">Sorry, your answer is not right!</NF>
            <NF UID="_SKOSCRIPTS_MC_ITEM_ITEMFEEDBACK_MATERIAL_FEEDBACKS2_NF4">Nice try, rethink about it!</NF>
            <NF UID="_SKOSCRIPTS_MC_ITEM_ITEMFEEDBACK_MATERIAL_FEEDBACKS2_NF5">Woops, your answer is not right.</NF>
            <NF UID="_SKOSCRIPTS_MC_ITEM_ITEMFEEDBACK_MATERIAL_FEEDBACKS2_NF6">Inncorrect answer!!</NF>
          </Feedbacks>
        </material>
      </itemfeedback>
    </item>
  </MC>